item_id,gold,score
indicsentiment_bn_0654,Positive,0.0
indicsentiment_bn_0114,Positive,0.0
indicsentiment_bn_0025,Positive,1.0
indicsentiment_bn_0761,Negative,0.0
indicsentiment_bn_0281,Positive,1.0
indicsentiment_bn_0250,Positive,1.0
indicsentiment_bn_0228,Negative,0.0
indicsentiment_bn_0142,Negative,0.0
indicsentiment_bn_0756,Negative,0.0
indicsentiment_bn_0104,Positive,1.0
indicsentiment_bn_0693,Negative,0.0
indicsentiment_bn_0760,Positive,1.0
indicsentiment_bn_0915,Negative,0.0
indicsentiment_bn_0558,Positive,1.0
indicsentiment_bn_0089,Negative,0.0
indicsentiment_bn_0604,Positive,1.0
indicsentiment_bn_0432,Negative,0.0
indicsentiment_bn_0032,Positive,1.0
indicsentiment_bn_0030,Positive,0.0
indicsentiment_bn_0095,Positive,1.0
indicsentiment_bn_0223,Negative,0.0
indicsentiment_bn_0238,Positive,1.0
indicsentiment_bn_0517,Negative,0.0
indicsentiment_bn_0616,Positive,1.0
indicsentiment_bn_0027,Positive,1.0
indicsentiment_bn_0574,Negative,0.0
indicsentiment_bn_0203,Positive,1.0
indicsentiment_bn_0735,Negative,0.0
indicsentiment_bn_0666,Positive,1.0
indicsentiment_bn_0720,Positive,0.0
indicsentiment_bn_0986,Negative,0.0
indicsentiment_bn_0429,Positive,0.0
indicsentiment_bn_0225,Negative,0.0
indicsentiment_bn_0459,Negative,0.0
indicsentiment_bn_0603,Positive,1.0
indicsentiment_bn_0284,Negative,0.0
indicsentiment_bn_0830,Positive,0.0
indicsentiment_bn_0892,Positive,1.0
indicsentiment_bn_0006,Positive,1.0
indicsentiment_bn_0779,Negative,0.0
indicsentiment_bn_0827,Negative,0.0
indicsentiment_bn_0163,Positive,0.0
indicsentiment_bn_0716,Positive,0.0
indicsentiment_bn_0983,Negative,0.0
indicsentiment_bn_0348,Positive,1.0
indicsentiment_bn_0964,Negative,0.0
indicsentiment_bn_0159,Negative,0.0
indicsentiment_bn_0220,Positive,0.0
indicsentiment_bn_0783,Negative,0.0
indicsentiment_bn_0344,Negative,1.0
indicsentiment_bn_0990,Positive,1.0
indicsentiment_bn_0094,Negative,0.0
indicsentiment_bn_0389,Positive,1.0
indicsentiment_bn_0099,Negative,0.0
indicsentiment_bn_0367,Positive,0.0
indicsentiment_bn_0869,Positive,1.0
indicsentiment_bn_0352,Positive,1.0
indicsentiment_bn_0618,Negative,0.0
indicsentiment_bn_0270,Positive,1.0
indicsentiment_bn_0828,Positive,0.0
indicsentiment_bn_0044,Negative,0.0
indicsentiment_bn_0749,Negative,0.0
indicsentiment_bn_0470,Negative,1.0
indicsentiment_bn_0549,Negative,0.0
indicsentiment_bn_0127,Positive,1.0
indicsentiment_bn_0387,Negative,0.0
indicsentiment_bn_0080,Negative,0.0
indicsentiment_bn_0565,Positive,1.0
indicsentiment_bn_0300,Negative,0.0
indicsentiment_bn_0851,Negative,0.0
indicsentiment_bn_0643,Negative,0.0
indicsentiment_bn_0633,Negative,1.0
indicsentiment_bn_0908,Negative,0.0
indicsentiment_bn_0884,Positive,1.0
indicsentiment_bn_0370,Positive,0.0
indicsentiment_bn_0591,Positive,1.0
indicsentiment_bn_0196,Negative,0.0
indicsentiment_bn_0723,Positive,1.0
indicsentiment_bn_0071,Positive,1.0
indicsentiment_bn_0046,Positive,1.0
indicsentiment_bn_0678,Negative,0.0
indicsentiment_bn_0233,Positive,0.0
indicsentiment_bn_0793,Negative,0.0
indicsentiment_bn_0296,Positive,1.0
indicsentiment_bn_0081,Positive,0.0
indicsentiment_bn_0877,Positive,1.0
indicsentiment_bn_0978,Negative,0.0
indicsentiment_bn_0889,Positive,0.0
indicsentiment_bn_0103,Negative,0.0
indicsentiment_bn_0947,Negative,0.0
indicsentiment_bn_0954,Positive,1.0
indicsentiment_bn_0464,Positive,0.0
indicsentiment_bn_0650,Negative,0.0
indicsentiment_bn_0856,Negative,0.0
indicsentiment_bn_0373,Negative,0.0
indicsentiment_bn_0166,Negative,0.0
indicsentiment_bn_0379,Negative,0.0
indicsentiment_bn_0363,Positive,0.0
indicsentiment_bn_0214,Negative,0.0
indicsentiment_bn_0687,Negative,0.0
indicsentiment_bn_0273,Negative,0.0
indicsentiment_bn_0970,Positive,1.0
indicsentiment_bn_0701,Positive,1.0
indicsentiment_bn_0664,Positive,0.0
indicsentiment_bn_0073,Negative,0.0
indicsentiment_bn_0623,Negative,0.0
indicsentiment_bn_0907,Positive,0.0
indicsentiment_bn_0175,Positive,0.0
indicsentiment_bn_0546,Negative,0.0
indicsentiment_bn_0748,Negative,0.0
indicsentiment_bn_0994,Negative,0.0
indicsentiment_bn_0167,Negative,0.0
indicsentiment_bn_0473,Positive,1.0
indicsentiment_bn_0388,Negative,0.0
indicsentiment_bn_0276,Negative,0.0
indicsentiment_bn_0655,Positive,1.0
indicsentiment_bn_0706,Positive,0.0
indicsentiment_bn_0570,Positive,0.0
indicsentiment_bn_0224,Positive,0.0
indicsentiment_bn_0703,Positive,1.0
indicsentiment_bn_0332,Positive,1.0
indicsentiment_bn_0865,Negative,0.0
indicsentiment_bn_0788,Positive,0.0
indicsentiment_bn_0796,Positive,1.0
indicsentiment_bn_0057,Positive,1.0
indicsentiment_bn_0234,Negative,0.0
indicsentiment_bn_0843,Positive,1.0
indicsentiment_bn_0982,Negative,0.0
indicsentiment_bn_0826,Negative,0.0
indicsentiment_bn_0323,Positive,1.0
indicsentiment_bn_0410,Positive,1.0
indicsentiment_bn_0274,Positive,0.0
indicsentiment_bn_0067,Negative,0.0
indicsentiment_bn_0216,Negative,0.0
indicsentiment_bn_0580,Negative,1.0
indicsentiment_bn_0737,Positive,1.0
indicsentiment_bn_0322,Negative,0.0
indicsentiment_bn_0217,Positive,0.0
indicsentiment_bn_0672,Negative,0.0
indicsentiment_bn_0511,Negative,0.0
indicsentiment_bn_0405,Positive,1.0
indicsentiment_bn_0658,Positive,1.0
indicsentiment_bn_0469,Negative,0.0
indicsentiment_bn_0146,Positive,1.0
indicsentiment_bn_0271,Positive,0.0
indicsentiment_bn_0992,Positive,0.0
indicsentiment_bn_0252,Negative,0.0
indicsentiment_bn_0764,Negative,0.0
indicsentiment_bn_0974,Negative,0.0
indicsentiment_bn_0551,Negative,0.0
indicsentiment_bn_0269,Negative,0.0
indicsentiment_bn_0766,Negative,0.0
indicsentiment_bn_0598,Positive,0.0
indicsentiment_bn_0438,Positive,0.0
indicsentiment_bn_0597,Negative,0.0
indicsentiment_bn_0408,Positive,0.0
indicsentiment_bn_0925,Positive,0.0
indicsentiment_bn_0881,Negative,0.0
indicsentiment_bn_0141,Negative,0.0
indicsentiment_bn_0521,Negative,0.0
indicsentiment_bn_0505,Positive,1.0
indicsentiment_bn_0093,Positive,1.0
indicsentiment_bn_0775,Positive,1.0
indicsentiment_bn_0048,Positive,0.0
indicsentiment_bn_0112,Positive,1.0
indicsentiment_bn_0156,Positive,1.0
indicsentiment_bn_0642,Positive,1.0
indicsentiment_bn_0958,Positive,0.0
indicsentiment_bn_0813,Negative,0.0
indicsentiment_bn_0698,Positive,1.0
indicsentiment_bn_0956,Positive,1.0
indicsentiment_bn_0610,Positive,1.0
indicsentiment_bn_0065,Positive,1.0
indicsentiment_bn_0394,Negative,0.0
indicsentiment_bn_0390,Negative,0.0
indicsentiment_bn_0940,Negative,1.0
indicsentiment_bn_0479,Positive,1.0
indicsentiment_bn_0541,Positive,1.0
indicsentiment_bn_0257,Negative,0.0
indicsentiment_bn_0566,Negative,0.0
indicsentiment_bn_0011,Positive,0.0
indicsentiment_bn_0963,Positive,1.0
indicsentiment_bn_0740,Positive,0.0
indicsentiment_bn_0117,Negative,0.0
indicsentiment_bn_0700,Negative,0.0
indicsentiment_bn_0936,Positive,1.0
indicsentiment_bn_0770,Positive,0.0
indicsentiment_bn_0899,Negative,0.0
indicsentiment_bn_0789,Negative,0.0
indicsentiment_bn_0656,Positive,1.0
indicsentiment_bn_0955,Negative,0.0
indicsentiment_bn_0998,Positive,1.0
indicsentiment_bn_0931,Negative,0.0
indicsentiment_bn_0445,Negative,0.0
indicsentiment_bn_0161,Negative,0.0
indicsentiment_bn_0927,Negative,0.0
indicsentiment_bn_0003,Negative,0.0
indicsentiment_bn_0741,Positive,1.0
indicsentiment_bn_0738,Positive,1.0
indicsentiment_bn_0849,Negative,0.0
