index,item_id,task,variety,context,question,options,gold_answer,pilot_version
0,RC01,reading_comprehension,standard_hindi,रीना सुबह बाज़ार गई। उसने दो किलोग्राम सेब खरीदे और दोपहर से पहले घर लौट आई।,रीना ने क्या खरीदा?,A. दो किलोग्राम आम || B. दो किलोग्राम सेब || C. एक किलोग्राम सेब || D. दो किलोग्राम केले,B,v0.1-pilot
1,RC01,reading_comprehension,bhojpuri,रीना बिहान बाजार गइल। ऊ दू किलो सेव किनलस आ दुपहरिया से पहिले घरे लवट आइल।,रीना का किनलस?,A. दू किलो आम || B. दू किलो सेव || C. एक किलो सेव || D. दू किलो केला,B,v0.1-pilot
2,RC01,reading_comprehension,braj,रीना सवेरे बाजार गई। उसने दुई किलो सेब खरीदे अर दुपहर से पैलैं घर लौट आई।,रीना नै का खरीदे?,A. दुई किलो आम || B. दुई किलो सेब || C. एक किलो सेब || D. दुई किलो केले,B,v0.1-pilot
3,RC01,reading_comprehension,awadhi,रीना बिहान बाजार गई। उ दुई किलो सेब खरीदी अउर दुपहर से पहिले घर लौटि आई।,रीना का खरीदी?,A. दुई किलो आम || B. दुई किलो सेब || C. एक किलो सेब || D. दुई किलो केला,B,v0.1-pilot
4,RC02,reading_comprehension,standard_hindi,मोहन ने अपने घर के पास तीन पेड़ लगाए। एक पेड़ आम का था और बाकी दो नीम के थे।,मोहन ने कुल कितने पेड़ लगाए?,A. एक || B. दो || C. तीन || D. चार,C,v0.1-pilot
5,RC02,reading_comprehension,bhojpuri,मोहन अपना घर के लगे तीन गो पेड़ लगवलस। एगो पेड़ आम के रहे आ बाकी दू गो नीम के रहे।,मोहन कुल कतना गो पेड़ लगवलस?,A. एगो || B. दू गो || C. तीन गो || D. चार गो,C,v0.1-pilot
6,RC02,reading_comprehension,braj,मोहन नै अपने घर के पास तीन पेड़ लगाय। एक पेड़ आम को रहो अर बाकी दुई नीम के रहे।,मोहन नै कुल कित्ते पेड़ लगाय?,A. एक || B. दुई || C. तीन || D. चार,C,v0.1-pilot
7,RC02,reading_comprehension,awadhi,मोहन अपने घर के लगे तीन पेड़ लगाइस। एक पेड़ आम के रहा अउर बाकी दुई नीम के रहे।,मोहन कुल कितने पेड़ लगाइस?,A. एक || B. दुई || C. तीन || D. चार,C,v0.1-pilot
8,NLI01,nli,standard_hindi,महिला ने एक लाल साइकिल खरीदी।,महिला ने लाल साइकिल खरीदी।,A. Entailment || B. Neutral || C. Contradiction,A,v0.1-pilot
9,NLI01,nli,bhojpuri,मेहरारू एगो लाल साइकिल किनलस।,मेहरारू लाल साइकिल किनलस।,A. Entailment || B. Neutral || C. Contradiction,A,v0.1-pilot
10,NLI01,nli,braj,औरत नै एक लाल साइकिल खरीदी।,औरत नै लाल साइकिल खरीदी।,A. Entailment || B. Neutral || C. Contradiction,A,v0.1-pilot
11,NLI01,nli,awadhi,औरत एक लाल साइकिल खरीदी।,औरत लाल साइकिल खरीदी।,A. Entailment || B. Neutral || C. Contradiction,A,v0.1-pilot
12,NLI02,nli,standard_hindi,किसान के पास दो गायें हैं।,किसान के पास तीन गायें हैं।,A. Entailment || B. Neutral || C. Contradiction,C,v0.1-pilot
13,NLI02,nli,bhojpuri,किसान के लगे दू गो गाय बा।,किसान के लगे तीन गो गाय बा।,A. Entailment || B. Neutral || C. Contradiction,C,v0.1-pilot
14,NLI02,nli,braj,किसान के पास दुई गाय हैं।,किसान के पास तीन गाय हैं।,A. Entailment || B. Neutral || C. Contradiction,C,v0.1-pilot
15,NLI02,nli,awadhi,किसान क लगे दुई गाय अहैं।,किसान क लगे तीन गाय अहैं।,A. Entailment || B. Neutral || C. Contradiction,C,v0.1-pilot
16,QA01,knowledge_qa,standard_hindi,,भारत की राजधानी क्या है?,A. मुंबई || B. नई दिल्ली || C. जयपुर || D. लखनऊ,B,v0.1-pilot
17,QA01,knowledge_qa,bhojpuri,,भारत के राजधानी का ह?,A. मुंबई || B. नई दिल्ली || C. जयपुर || D. लखनऊ,B,v0.1-pilot
18,QA01,knowledge_qa,braj,,भारत की राजधानी का है?,A. मुंबई || B. नई दिल्ली || C. जयपुर || D. लखनऊ,B,v0.1-pilot
19,QA01,knowledge_qa,awadhi,,भारत की राजधानी का है?,A. मुंबई || B. नई दिल्ली || C. जयपुर || D. लखनऊ,B,v0.1-pilot
20,QA02,knowledge_qa,standard_hindi,,एक सप्ताह में कितने दिन होते हैं?,A. पाँच || B. छह || C. सात || D. आठ,C,v0.1-pilot
21,QA02,knowledge_qa,bhojpuri,,एगो हफ्ता में कतना दिन होला?,A. पाँच || B. छह || C. सात || D. आठ,C,v0.1-pilot
22,QA02,knowledge_qa,braj,,एक हफ्ता में कित्ते दिन होत हैं?,A. पाँच || B. छह || C. सात || D. आठ,C,v0.1-pilot
23,QA02,knowledge_qa,awadhi,,एक हफ्ता मा कितने दिन होत हैं?,A. पाँच || B. छह || C. सात || D. आठ,C,v0.1-pilot
24,RE01,reasoning,standard_hindi,रवि के पास 5 आम हैं। वह अपने भाई को 2 आम दे देता है।,उसके पास कितने आम बचते हैं?,A. 2 || B. 3 || C. 4 || D. 7,B,v0.1-pilot
25,RE01,reasoning,bhojpuri,रवि के लगे 5 गो आम बा। ऊ अपना भाई के 2 गो आम दे देला।,ओकरा लगे कतना आम बचेला?,A. 2 || B. 3 || C. 4 || D. 7,B,v0.1-pilot
26,RE01,reasoning,braj,रवि के पास 5 आम हैं। वह अपने भैया कू 2 आम दे देत है।,उसके पास कित्ते आम बचत हैं?,A. 2 || B. 3 || C. 4 || D. 7,B,v0.1-pilot
27,RE01,reasoning,awadhi,रवि क लगे 5 आम अहैं। उ अपने भइया क 2 आम दे देत है।,ओकर लगे कितने आम बचत हैं?,A. 2 || B. 3 || C. 4 || D. 7,B,v0.1-pilot
28,RE02,reasoning,standard_hindi,"तीन डिब्बे हैं: लाल, नीला और हरा। लाल डिब्बा नीले डिब्बे से भारी है और नीला डिब्बा हरे डिब्बे से भारी है।",सबसे हल्का डिब्बा कौन-सा है?,A. लाल || B. नीला || C. हरा || D. पता नहीं,C,v0.1-pilot
29,RE02,reasoning,bhojpuri,"तीन गो डिब्बा बा—लाल, नीला आ हरा। लाल डिब्बा नीला डिब्बा से भारी बा आ नीला डिब्बा हरा डिब्बा से भारी बा।",सबसे हल्का डिब्बा कवन बा?,A. लाल || B. नीला || C. हरा || D. पता नइखे,C,v0.1-pilot
30,RE02,reasoning,braj,"तीन डिब्बे हैं—लाल, नीला अर हरा। लाल डिब्बो नीले डिब्बे तैं भारी है अर नीला डिब्बो हरे डिब्बे तैं भारी है।",सबसे हलको डिब्बो कौन है?,A. लाल || B. नीला || C. हरा || D. पता नाय,C,v0.1-pilot
31,RE02,reasoning,awadhi,"तीन डिब्बा अहैं—लाल, नीला अउर हरा। लाल डिब्बा नीला डिब्बा से भारी अहै अउर नीला डिब्बा हरा डिब्बा से भारी अहै।",सबसे हलका डिब्बा कउन है?,A. लाल || B. नीला || C. हरा || D. पता नाहीं,C,v0.1-pilot
32,IF01,instruction_following,standard_hindi,कौआ पेड़ पर बैठा है।,Read the sentence and answer only YES or NO. Is the mentioned animal a bird?,YES || NO,YES,v0.1-pilot
33,IF01,instruction_following,bhojpuri,कौआ पेड़ पर बइठल बा।,Read the sentence and answer only YES or NO. Is the mentioned animal a bird?,YES || NO,YES,v0.1-pilot
34,IF01,instruction_following,braj,कौआ पेड़ पै बैठो है।,Read the sentence and answer only YES or NO. Is the mentioned animal a bird?,YES || NO,YES,v0.1-pilot
35,IF01,instruction_following,awadhi,कौआ पेड़ प बइठा है।,Read the sentence and answer only YES or NO. Is the mentioned animal a bird?,YES || NO,YES,v0.1-pilot
36,IF02,instruction_following,standard_hindi,सीता ने दो आम और तीन केले खरीदे।,Read the sentence and answer only with the number of fruits mentioned.,5,5,v0.1-pilot
37,IF02,instruction_following,bhojpuri,सीता दू गो आम आ तीन गो केला किनलस।,Read the sentence and answer only with the number of fruits mentioned.,5,5,v0.1-pilot
38,IF02,instruction_following,braj,सीता नै दुई आम अर तीन केले खरीदे।,Read the sentence and answer only with the number of fruits mentioned.,5,5,v0.1-pilot
39,IF02,instruction_following,awadhi,सीता दुई आम अउर तीन केला खरीदी।,Read the sentence and answer only with the number of fruits mentioned.,5,5,v0.1-pilot
40,RC03,reading_comprehension,standard_hindi,अजय ने सुबह पाँच पन्ने पढ़े और शाम को तीन पन्ने पढ़े।,अजय ने कुल कितने पन्ने पढ़े?,A. छह || B. सात || C. आठ || D. नौ,C,v0.2-full
41,RC03,reading_comprehension,bhojpuri,अजय बिहान पाँच गो पन्ना पढ़लस आ साँझ तीन गो पन्ना पढ़लस।,अजय कुल कतना गो पन्ना पढ़लस?,A. छह || B. सात || C. आठ || D. नौ,C,v0.2-full
42,RC03,reading_comprehension,braj,अजय नै सवेरे पाँच पन्ने पढ़े अर साँझ तीन पन्ने पढ़े।,अजय नै कुल कित्ते पन्ने पढ़े?,A. छह || B. सात || C. आठ || D. नौ,C,v0.2-full
43,RC03,reading_comprehension,awadhi,अजय बिहान पाँच पन्ना पढ़िस अउर साँझ तीन पन्ना पढ़िस।,अजय कुल कितने पन्ना पढ़िस?,A. छह || B. सात || C. आठ || D. नौ,C,v0.2-full
44,RC04,reading_comprehension,standard_hindi,कविता के पास एक लाल बैग और एक नीली छतरी है। वह लाल बैग स्कूल ले गई।,कविता स्कूल क्या ले गई?,A. नीली छतरी || B. लाल बैग || C. दो किताबें || D. पानी की बोतल,B,v0.2-full
45,RC04,reading_comprehension,bhojpuri,कविता लगे एगो लाल बैग आ एगो नीला छाता बा। ऊ लाल बैग स्कूल ले गइल।,कविता स्कूल का ले गइल?,A. नीली छतरी || B. लाल बैग || C. दो किताबें || D. पानी की बोतल,B,v0.2-full
46,RC04,reading_comprehension,braj,कविता कू एक लाल थैला अर एक नीली छतरी है। वह लाल थैला स्कूल लै गई।,कविता स्कूल का लै गई?,A. नीली छतरी || B. लाल बैग || C. दो किताबें || D. पानी की बोतल,B,v0.2-full
47,RC04,reading_comprehension,awadhi,कविता क लगे एक लाल बैग अउर एक नीला छाता अहै। उ लाल बैग स्कूल ले गई।,कविता स्कूल का ले गई?,A. नीली छतरी || B. लाल बैग || C. दो किताबें || D. पानी की बोतल,B,v0.2-full
48,RC05,reading_comprehension,standard_hindi,सोनू ने लाल गेंद मेज पर रखी और हरी गेंद अलमारी में रखी।,हरी गेंद कहाँ रखी गई?,A. मेज पर || B. अलमारी में || C. खिड़की के पास || D. बगीचे में,B,v0.2-full
49,RC05,reading_comprehension,bhojpuri,सोनू लाल गेंद मेज पर रखलस आ हरियर गेंद अलमारी में रखलस।,हरियर गेंद कहाँ रखलस?,A. मेज पर || B. अलमारी में || C. खिड़की के पास || D. बगीचे में,B,v0.2-full
50,RC05,reading_comprehension,braj,सोनू नै लाल गेंद मेज पै धरी अर हरी गेंद अलमारी में धरी।,हरी गेंद कहाँ धरी गई?,A. मेज पर || B. अलमारी में || C. खिड़की के पास || D. बगीचे में,B,v0.2-full
51,RC05,reading_comprehension,awadhi,सोनू लाल गेंद मेज पर रखिस अउर हरियर गेंद अलमारी मा रखिस।,हरियर गेंद कहाँ रखी गई?,A. मेज पर || B. अलमारी में || C. खिड़की के पास || D. बगीचे में,B,v0.2-full
52,RC06,reading_comprehension,standard_hindi,नेहा के पास तीन पेंसिल थीं। उसने अपनी बहन को एक पेंसिल दे दी।,नेहा के पास कितनी पेंसिल बचीं?,A. एक || B. दो || C. तीन || D. चार,B,v0.2-full
53,RC06,reading_comprehension,bhojpuri,नेहा लगे तीन गो पेंसिल रहे। ऊ अपना बहिन के एगो पेंसिल दे देलस।,नेहा लगे कतना पेंसिल बचल?,A. एक || B. दो || C. तीन || D. चार,B,v0.2-full
54,RC06,reading_comprehension,braj,नेहा कू तीन पेंसिल थीं। उसने अपनी बहिन कू एक पेंसिल दै दी।,नेहा कू कित्ती पेंसिल बचीं?,A. एक || B. दो || C. तीन || D. चार,B,v0.2-full
55,RC06,reading_comprehension,awadhi,नेहा क लगे तीन पेंसिल रहीं। उ अपनी बहिन क एक पेंसिल दे दिहिस।,नेहा क लगे कितनी पेंसिल बचीं?,A. एक || B. दो || C. तीन || D. चार,B,v0.2-full
56,NLI03,nli,standard_hindi,लड़का स्कूल गया।,लड़का स्कूल नहीं गया।,A. Entailment || B. Neutral || C. Contradiction,C,v0.2-full
57,NLI03,nli,bhojpuri,लइका स्कूल गइल।,लइका स्कूल नहीं गइल।,A. Entailment || B. Neutral || C. Contradiction,C,v0.2-full
58,NLI03,nli,braj,लड़को स्कूल गयो।,लड़को स्कूल नहीं गयो।,A. Entailment || B. Neutral || C. Contradiction,C,v0.2-full
59,NLI03,nli,awadhi,लरिका स्कूल गवा।,लरिका स्कूल नहीं गवा।,A. Entailment || B. Neutral || C. Contradiction,C,v0.2-full
60,NLI04,nli,standard_hindi,आज मौसम ठंडा है।,आज मौसम ठंडा है।,A. Entailment || B. Neutral || C. Contradiction,A,v0.2-full
61,NLI04,nli,bhojpuri,आज मौसम ठंडा है।,आज मौसम ठंडा है।,A. Entailment || B. Neutral || C. Contradiction,A,v0.2-full
62,NLI04,nli,braj,आज मौसम ठंडा है।,आज मौसम ठंडा है।,A. Entailment || B. Neutral || C. Contradiction,A,v0.2-full
63,NLI04,nli,awadhi,आज मौसम ठंडा है।,आज मौसम ठंडा है।,A. Entailment || B. Neutral || C. Contradiction,A,v0.2-full
64,NLI05,nli,standard_hindi,सीमा के पास एक नीली किताब है।,सीमा के पास एक हरी किताब है।,A. Entailment || B. Neutral || C. Contradiction,C,v0.2-full
65,NLI05,nli,bhojpuri,सीमा के पास एक नीला किताब है।,सीमा के पास एक हरियर किताब है।,A. Entailment || B. Neutral || C. Contradiction,C,v0.2-full
66,NLI05,nli,braj,सीमा के पास एक नीली किताब है।,सीमा के पास एक हरी किताब है।,A. Entailment || B. Neutral || C. Contradiction,C,v0.2-full
67,NLI05,nli,awadhi,सीमा के पास एक नीली किताब है।,सीमा के पास एक हरी किताब है।,A. Entailment || B. Neutral || C. Contradiction,C,v0.2-full
68,NLI06,nli,standard_hindi,राम ने आम खाया।,राम ने फल खाया।,A. Entailment || B. Neutral || C. Contradiction,A,v0.2-full
69,NLI06,nli,bhojpuri,राम ने आम खइलस।,राम ने फल खइलस।,A. Entailment || B. Neutral || C. Contradiction,A,v0.2-full
70,NLI06,nli,braj,राम ने आम खायो।,राम ने फल खायो।,A. Entailment || B. Neutral || C. Contradiction,A,v0.2-full
71,NLI06,nli,awadhi,राम ने आम खाइस।,राम ने फल खाइस।,A. Entailment || B. Neutral || C. Contradiction,A,v0.2-full
72,QA03,knowledge_qa,standard_hindi,,भारत का राष्ट्रीय पशु कौन-सा है?,A. हाथी || B. शेर || C. बाघ || D. घोड़ा,C,v0.2-full
73,QA03,knowledge_qa,bhojpuri,,भारत का राष्ट्रीय पशु कवन है?,A. हाथी || B. शेर || C. बाघ || D. घोड़ा,C,v0.2-full
74,QA03,knowledge_qa,braj,,भारत का राष्ट्रीय पशु कौन-सा है?,A. हाथी || B. शेर || C. बाघ || D. घोड़ा,C,v0.2-full
75,QA03,knowledge_qa,awadhi,,भारत का राष्ट्रीय पशु कउन है?,A. हाथी || B. शेर || C. बाघ || D. घोड़ा,C,v0.2-full
76,QA04,knowledge_qa,standard_hindi,,सूर्य किस दिशा से उगता है?,A. उत्तर || B. दक्षिण || C. पूर्व || D. पश्चिम,C,v0.2-full
77,QA04,knowledge_qa,bhojpuri,,सूर्य कवन दिशा से उगता है?,A. उत्तर || B. दक्षिण || C. पूर्व || D. पश्चिम,C,v0.2-full
78,QA04,knowledge_qa,braj,,सूर्य किस दिशा से उगता है?,A. उत्तर || B. दक्षिण || C. पूर्व || D. पश्चिम,C,v0.2-full
79,QA04,knowledge_qa,awadhi,,सूर्य कउन दिशा से उगता है?,A. उत्तर || B. दक्षिण || C. पूर्व || D. पश्चिम,C,v0.2-full
80,QA05,knowledge_qa,standard_hindi,,एक वर्ष में कितने महीने होते हैं?,A. दस || B. ग्यारह || C. बारह || D. तेरह,C,v0.2-full
81,QA05,knowledge_qa,bhojpuri,,एक वर्ष में कतना महीने होते हैं?,A. दस || B. ग्यारह || C. बारह || D. तेरह,C,v0.2-full
82,QA05,knowledge_qa,braj,,एक वर्ष में कित्ते महीने होते हैं?,A. दस || B. ग्यारह || C. बारह || D. तेरह,C,v0.2-full
83,QA05,knowledge_qa,awadhi,,एक वर्ष में कितने महीने होते हैं?,A. दस || B. ग्यारह || C. बारह || D. तेरह,C,v0.2-full
84,QA06,knowledge_qa,standard_hindi,,एक घंटे में कितने मिनट होते हैं?,A. 30 || B. 45 || C. 60 || D. 90,C,v0.2-full
85,QA06,knowledge_qa,bhojpuri,,एक घंटे में कतना मिनट होते हैं?,A. 30 || B. 45 || C. 60 || D. 90,C,v0.2-full
86,QA06,knowledge_qa,braj,,एक घंटे में कित्ते मिनट होते हैं?,A. 30 || B. 45 || C. 60 || D. 90,C,v0.2-full
87,QA06,knowledge_qa,awadhi,,एक घंटे में कितने मिनट होते हैं?,A. 30 || B. 45 || C. 60 || D. 90,C,v0.2-full
88,RE03,reasoning,standard_hindi,एक कक्षा में 12 विद्यार्थी हैं। 4 विद्यार्थी बाहर चले गए।,कक्षा में कितने विद्यार्थी बचे?,A. 6 || B. 7 || C. 8 || D. 9,C,v0.2-full
89,RE03,reasoning,bhojpuri,एगो कक्षा में 12 विद्यार्थी हैं। 4 विद्यार्थी बाहर चल गइलें।,कक्षा में कतना विद्यार्थी बचे?,A. 6 || B. 7 || C. 8 || D. 9,C,v0.2-full
90,RE03,reasoning,braj,एक कक्षा में 12 विद्यार्थी हैं। 4 विद्यार्थी बाहर चल गए।,कक्षा में कित्ते विद्यार्थी बचे?,A. 6 || B. 7 || C. 8 || D. 9,C,v0.2-full
91,RE03,reasoning,awadhi,एक कक्षा मा 12 विद्यार्थी हैं। 4 विद्यार्थी बाहर चले गवा।,कक्षा में कितने विद्यार्थी बचे?,A. 6 || B. 7 || C. 8 || D. 9,C,v0.2-full
92,RE04,reasoning,standard_hindi,सीमा के पास 3 सेब हैं और मोहन के पास सीमा से 2 अधिक सेब हैं।,मोहन के पास कितने सेब हैं?,A. 4 || B. 5 || C. 6 || D. 7,B,v0.2-full
93,RE04,reasoning,bhojpuri,सीमा के लगे 3 सेब हैं और मोहन के लगे सीमा से 2 अधिक सेब हैं।,मोहन के पास कतना सेब हैं?,A. 4 || B. 5 || C. 6 || D. 7,B,v0.2-full
94,RE04,reasoning,braj,सीमा कै पास 3 सेब हैं और मोहन कै पास सीमा से 2 अधिक सेब हैं।,मोहन के पास कित्ते सेब हैं?,A. 4 || B. 5 || C. 6 || D. 7,B,v0.2-full
95,RE04,reasoning,awadhi,सीमा क लगे 3 सेब हैं और मोहन क लगे सीमा से 2 अधिक सेब हैं।,मोहन के पास कितने सेब हैं?,A. 4 || B. 5 || C. 6 || D. 7,B,v0.2-full
96,RE05,reasoning,standard_hindi,एक संख्या 10 से बड़ी और 15 से छोटी है। वह सम संख्या है।,वह संख्या कौन-सी है?,A. 11 || B. 12 || C. 13 || D. 15,B,v0.2-full
97,RE05,reasoning,bhojpuri,एक संख्या 10 से बड़ी और 15 से छोटी है। वह सम संख्या है।,वह संख्या कवन-सी है?,A. 11 || B. 12 || C. 13 || D. 15,B,v0.2-full
98,RE05,reasoning,braj,एक संख्या 10 से बड़ी और 15 से छोटी है। वह सम संख्या है।,वह संख्या कौन-सी है?,A. 11 || B. 12 || C. 13 || D. 15,B,v0.2-full
99,RE05,reasoning,awadhi,एक संख्या 10 से बड़ी और 15 से छोटी है। वह सम संख्या है।,वह संख्या कउन-सी है?,A. 11 || B. 12 || C. 13 || D. 15,B,v0.2-full
100,RE06,reasoning,standard_hindi,"राम, श्याम से लंबा है। श्याम, मोहन से लंबा है।",सबसे छोटा कौन है?,A. राम || B. श्याम || C. मोहन || D. पता नहीं,C,v0.2-full
101,RE06,reasoning,bhojpuri,"राम, श्याम से लमहर बा। श्याम, मोहन से लमहर बा।",सबसे छोटा कवन है?,A. राम || B. श्याम || C. मोहन || D. पता नहीं,C,v0.2-full
102,RE06,reasoning,braj,"राम, श्याम से लंबो है। श्याम, मोहन से लंबो है।",सबसे छोटा कौन है?,A. राम || B. श्याम || C. मोहन || D. पता नहीं,C,v0.2-full
103,RE06,reasoning,awadhi,"राम, श्याम से लमहर अहै। श्याम, मोहन से लमहर अहै।",सबसे छोटा कउन है?,A. राम || B. श्याम || C. मोहन || D. पता नहीं,C,v0.2-full
104,IF03,instruction_following,standard_hindi,सूरज आकाश में दिखाई देता है।,Read the sentence and answer only YES or NO. Is the mentioned object a celestial body?,A. YES || B. NO,A,v0.2-full
105,IF03,instruction_following,bhojpuri,सूरज आकाश में दिखाई देत बा।,Read the sentence and answer only YES or NO. Is the mentioned object a celestial body?,A. YES || B. NO,A,v0.2-full
106,IF03,instruction_following,braj,सूरज आकाश में दिखाई देत है।,Read the sentence and answer only YES or NO. Is the mentioned object a celestial body?,A. YES || B. NO,A,v0.2-full
107,IF03,instruction_following,awadhi,सूरज आकाश में दिखाई देत अहै।,Read the sentence and answer only YES or NO. Is the mentioned object a celestial body?,A. YES || B. NO,A,v0.2-full
108,IF04,instruction_following,standard_hindi,सीता ने दो आम और तीन केले खरीदे।,Read the sentence and answer only with the number of fruits mentioned.,A. 5,A,v0.2-full
109,IF04,instruction_following,bhojpuri,सीता  दू आम और तीन गो केला खरीदे।,Read the sentence and answer only with the number of fruits mentioned.,A. 5,A,v0.2-full
110,IF04,instruction_following,braj,सीता नै दुई आम और तीन केले खरीदे।,Read the sentence and answer only with the number of fruits mentioned.,A. 5,A,v0.2-full
111,IF04,instruction_following,awadhi,सीता  दुई आम और तीन केला खरीदे।,Read the sentence and answer only with the number of fruits mentioned.,A. 5,A,v0.2-full
112,IF05,instruction_following,standard_hindi,मेज पर चार किताबें हैं।,Read the sentence and answer only with the number of books mentioned.,A. 4,A,v0.2-full
113,IF05,instruction_following,bhojpuri,मेज पर चार किताब हैं।,Read the sentence and answer only with the number of books mentioned.,A. 4,A,v0.2-full
114,IF05,instruction_following,braj,मेज पर चार किताब हैं।,Read the sentence and answer only with the number of books mentioned.,A. 4,A,v0.2-full
115,IF05,instruction_following,awadhi,मेज पर चार किताब हैं।,Read the sentence and answer only with the number of books mentioned.,A. 4,A,v0.2-full
116,IF06,instruction_following,standard_hindi,रवि के पास एक लाल गेंद है।,Read the sentence and answer only YES or NO. Is the mentioned object a ball?,A. YES || B. NO,A,v0.2-full
117,IF06,instruction_following,bhojpuri,रवि के लगे एक लाल गेंद है।,Read the sentence and answer only YES or NO. Is the mentioned object a ball?,A. YES || B. NO,A,v0.2-full
118,IF06,instruction_following,braj,रवि कै पास एक लाल गेंद है।,Read the sentence and answer only YES or NO. Is the mentioned object a ball?,A. YES || B. NO,A,v0.2-full
119,IF06,instruction_following,awadhi,रवि क लगे एक लाल गेंद है।,Read the sentence and answer only YES or NO. Is the mentioned object a ball?,A. YES || B. NO,A,v0.2-full
